"State, Product, Company"
CA,Bank account or service,WELLS FARGO & COMPANY
CA,Debt collection,"Kimball, Tirey & St. John LLP"
FL,Mortgage,JPMORGAN CHASE & CO.
WA,Credit card,CAPITAL ONE FINANCIAL CORPORATION
PA,Bank account or service,"SANTANDER BANK, NATIONAL ASSOCIATION"
MS,Credit reporting,"EQUIFAX, INC."
NY,Bank account or service,HSBC NORTH AMERICA HOLDINGS INC.
TX,Credit reporting,"EQUIFAX, INC."
TX,Mortgage,"Dovenmuehle Mortgage, Inc."
CO,Mortgage,"InterLinc Mortgage Services, LLC"
